sku,history_months,zero_months,zero_share,mean_units,cv,current_model,current_wape
CI-0001,24,0,0.0,196.8,0.1366,moving_average_3,0.0508
CI-0002,24,0,0.0,212.5,0.1227,seasonal_naive_12,0.0509
CI-0003,24,0,0.0,270.5,0.1243,moving_average_3,0.0561
CI-0004,24,0,0.0,447.4,0.2482,moving_average_3,0.0984
CI-0005,24,0,0.0,460.5,0.1743,moving_average_3,0.0909
CI-0006,24,0,0.0,424.4,0.1013,moving_average_3,0.0625
CI-0007,24,0,0.0,485.5,0.1289,seasonal_naive_12,0.061
CI-0008,24,0,0.0,526.0,0.1328,seasonal_naive_12,0.0588
CI-0009,24,0,0.0,432.1,0.2641,moving_average_3,0.1166
CI-0010,24,0,0.0,661.2,0.1225,seasonal_naive_12,0.1079
CI-0011,24,0,0.0,710.4,0.115,seasonal_naive_12,0.0419
CI-0012,24,0,0.0,735.7,0.0897,seasonal_naive_12,0.01
CI-0013,24,0,0.0,826.5,0.1105,seasonal_naive_12,0.0754
CI-0014,24,0,0.0,1348.7,0.4287,moving_average_3,0.0735
CI-0015,24,0,0.0,665.1,0.2338,moving_average_3,0.1318
CI-0016,24,0,0.0,197.0,0.4207,moving_average_3,0.0662
CI-0017,24,0,0.0,243.6,0.2607,moving_average_3,0.0314
CI-0018,24,0,0.0,268.8,0.1274,moving_average_3,0.0718
CI-0019,24,0,0.0,326.0,0.1195,seasonal_naive_12,0.0774
CI-0020,24,0,0.0,375.4,0.1138,moving_average_3,0.0581
CI-0021,24,0,0.0,432.7,0.119,moving_average_3,0.0406
CI-0022,24,0,0.0,489.9,0.1026,seasonal_naive_12,0.0417
CI-0023,24,0,0.0,539.5,0.0871,moving_average_3,0.1036
CI-0024,24,0,0.0,592.6,0.0987,moving_average_3,0.0601
CI-0025,24,0,0.0,776.6,0.4112,moving_average_3,0.0597
CI-0026,24,0,0.0,871.0,0.1662,moving_average_3,0.0606
CI-0027,24,0,0.0,762.9,0.121,seasonal_naive_12,0.103
CI-0028,24,0,0.0,825.8,0.1306,seasonal_naive_12,0.0173
CI-0029,24,0,0.0,956.7,0.2536,moving_average_3,0.0748
CI-0030,24,0,0.0,936.1,0.0775,seasonal_naive_12,0.0561
CI-0031,24,0,0.0,111.2,0.2885,moving_average_3,0.1997
CI-0032,24,0,0.0,215.2,0.1275,moving_average_3,0.0751
CI-0033,24,0,0.0,269.9,0.1367,moving_average_3,0.0435
CI-0034,24,0,0.0,326.1,0.1104,seasonal_naive_12,0.0712
CI-0035,24,0,0.0,377.5,0.0883,moving_average_3,0.0863
CI-0036,24,0,0.0,425.7,0.1254,moving_average_3,0.09
CI-0037,24,0,0.0,498.7,0.0977,moving_average_3,0.0594
CI-0038,24,0,0.0,542.2,0.0986,seasonal_naive_12,0.0411
CI-0039,24,0,0.0,728.0,0.3608,moving_average_3,0.0422
CI-0040,24,0,0.0,473.2,0.241,moving_average_3,0.1324
CI-0041,24,0,0.0,893.4,0.4555,moving_average_3,0.0603
CI-0042,24,0,0.0,872.9,0.2529,moving_average_3,0.068
CI-0043,24,0,0.0,818.8,0.1096,moving_average_3,0.0345
CI-0044,24,0,0.0,849.3,0.1207,moving_average_3,0.1313
CI-0045,24,0,0.0,959.1,0.1314,seasonal_naive_12,0.0756
CI-0046,24,0,0.0,153.0,0.1212,moving_average_3,0.0529
CI-0047,24,0,0.0,209.3,0.1214,moving_average_3,0.036
CI-0048,24,0,0.0,260.0,0.115,moving_average_3,0.0731
CI-0049,24,0,0.0,326.2,0.112,seasonal_naive_12,0.0694
CI-0050,24,0,0.0,466.1,0.4355,moving_average_3,0.071
